plaintext_letter,dim_0,dim_1,dim_2,dim_3,dim_4,dim_5,dim_6,dim_7,dim_8,dim_9,dim_10,dim_11,dim_12,dim_13,dim_14,dim_15,dim_16,dim_17,dim_18,dim_19
a,1.5235323637602414,-0.6715493682177766,-1.1016019119723484,0.2288510724771841,-0.13813194230484568,0.2857255527194006,0.9107809218154576,-0.3288883658326,-0.18453554896000837,0.3135147150580752,0.08091201526081579,-0.5048023845009029,0.09883209251780675,-0.10599747529547775,0.18330697076507274,-1.120904590359739,-0.44939165992481805,0.5425606424762957,0.047639186951422094,-0.14924848071050043
b,1.6907599972341918,0.5017308878325487,1.311017989229422,0.772829442651905,-0.437853933249353,0.04319379418184683,1.2522981981569756,0.027871034061912665,0.09500513839107001,-0.32199392579562286,0.2756889013551017,-0.017083876710379337,0.2276439204730861,0.602575586205,-0.0598054164340998,0.4356953560586793,-0.21046228732323236,-0.07503828976405788,-0.35032795733072464,-0.03170905823524827
c,2.1227314737181127,-0.39224689790658385,2.144444103891072,-1.5874870641258298,-1.4025356032543341,-2.0951320549657835,-0.07093315357288914,0.39511596059334675,-1.0467596781399386,0.08258896448130637,-0.07463309787626782,-0.4349294486485809,-0.1432984563661779,-0.3066603265750029,-0.2673359212279337,-0.25077323768130066,0.018022042622258823,-0.07699308827075915,-0.0776161717830121,0.03123548167455627
d,0.9006284012989726,-0.2821956546086337,-0.05981578691902946,-0.29722044148358484,0.9040148517041646,0.29337636051660826,0.15607082034648456,1.1992394611560055,0.44069853150024146,0.42700094898972646,0.17151504613569063,-0.23820557415415683,0.0861331212409145,-0.7049352009822278,-0.5885889360818276,0.43655112405507845,-0.529581933476809,-0.3191674324198892,0.10817110318333766,-0.16269860579361958
e,2.4578659941948127,-2.338305752191043,-0.4056954775198216,-1.4879916434065317,0.5328891203470262,-0.8786574174480299,-0.42805340725620494,-0.8706446771964438,0.2835284875137917,-0.003165892530002162,-0.5832817196311979,0.7729115257952368,0.2796287299644149,0.3446568549079092,-0.3818209753102655,0.32501111961959844,-0.14260826754774347,0.2176902642392324,0.32759533759487336,0.11711227990208468
f,1.031766113457815,0.7782964197967605,0.14392670980067454,0.3258445762188438,1.236302628745801,-0.4405736478448117,-0.12777810773373433,-0.3750108297974554,-1.1420692620842994,-0.2942038437099955,0.2893182984029474,-0.23158980388235284,-0.09202221231122892,0.07838353482342707,1.0304617693206626,0.19922430524000667,-0.06947815597401097,-0.23094322508436238,0.35142873492430277,0.033565517526873645
g,0.3868866500518127,-0.25854148395352594,-0.025334227165967834,0.12182480541111872,0.28700453001839676,-0.09498269598221358,0.15529965725981348,0.34882418396676684,0.2823490115701307,0.92263588278378,0.9424485876929446,-0.7420286311808815,0.6511571783327812,-0.32172997330169967,0.09932852525666681,0.09510757015002178,-0.08495951018887223,0.026717455121649223,0.19539510861146067,0.3822503178165344
h,0.7664256587388537,0.7322729450386952,-0.4321693629314902,0.224342974341533,0.04286034398582352,-0.2479961262809215,-0.6103132660716099,0.8105739465128521,-0.2794216487147656,0.6039052699708358,0.670518177125714,1.123792762406235,-1.0107603596390666,0.3149604312592313,0.1315471431181957,-0.18027217455913006,-0.4713708417460866,-0.056689697466737084,0.0581614701954119,0.13417736034021932
i,1.3841170368490476,-1.2244798725556068,-0.4881981756090134,-0.5709763359841598,0.32040281839203427,-0.8403877364763648,0.3457955486559472,-0.4129209326089144,0.5602862559240865,1.0224683245004509,1.1301727001019817,0.2069706780899745,0.1708495012253601,0.40640355787859067,0.37583532102131184,0.053122559330286825,0.5263858388182395,-0.1187815380534154,-0.2558615641919723,-0.21128867022781211
j,1.4621804613177334,1.979167620396441,0.24603721365236844,-0.23574988911000658,1.7915099038830873,-0.3155025153946247,-0.14621259934477587,-1.2518602144544104,0.12061015043851145,-0.4102232275418259,0.44897497745783616,-0.10537729274937492,0.10660503931013124,0.22315025251589157,-0.660429272907649,-0.44993158605148736,-0.36632699485700987,-0.3310471391380896,-0.10088777353753085,-0.12445823292517938
k,1.1707629303985356,0.4929950355739816,-0.7879950480057059,-1.2797208172166743,-0.6487800838003839,1.4209959289386016,-0.051329705136101605,-0.017576450292517115,-1.1582357244552286,0.48243491881248185,-0.1156215352371507,-0.25885362693938596,0.03763282469933096,0.06152143689580485,-0.21351042408843726,0.1071896784698079,0.341242991798572,-0.2686474060400776,0.01826623584264936,-0.187164371253712
l,1.8092018807330679,0.28752789266158485,0.8688808239678311,0.5412730616929117,-0.9461647869090662,0.19477034721910635,1.7278765050406752,0.6736183413147586,0.4916572221516178,-0.21132883064655275,-0.3721409968131869,0.28829007999729656,0.21963573678802775,0.23892607427903192,0.24113335095287655,-0.23808708870465795,-0.018034003672908517,-0.333034244360323,0.28592604351561934,-0.06636855579885571
m,1.4957626507605293,1.2229390218436322,1.0945709782075737,0.2098156300514685,0.3490010519521427,-0.04716663658118387,0.7031466811503017,0.2885650306712097,-0.12370281437609358,-0.4067408617524806,0.09729457686025522,0.09455771713149629,0.43570173413362995,0.3733238522753248,-0.08219845580445097,0.056195970536598625,0.1223869928426523,0.2132572049235973,0.10137802734090935,0.26420812006350575
n,0.9615164730831128,0.7991322878611944,0.530125810647348,0.11173977228659157,0.6774866901705265,0.22142917374861967,0.274096693897026,-0.6442885099780561,0.5420389647504749,1.266257675861732,-1.2903263078836933,-0.8240226515719916,-0.7353475380023347,0.373954102734715,0.10924576935942762,0.07139114045235309,0.014253382435130758,-0.1540796011362078,-0.005699799077121056,0.14911327360317125
o,2.576768725510514,-3.047052613410687,-0.28043110185596365,0.5083182215197856,2.212575163988498,0.7373703404938063,-0.10214524066654973,1.1443942810839158,-0.29887937060253317,-0.6596499097320565,-0.23803129962256594,-0.3186351384682891,-0.2710564395813057,0.12057268573085378,0.10467107680809434,-0.1387722870906352,0.21200967313033164,-0.053346811082699966,-0.19089414803951357,0.008653236992122762
p,2.2451834383868103,0.022476368962203556,1.103989339242603,-0.5553225046945892,-0.9652864627916008,-0.1927572652420499,-1.3532594402665452,-0.14566697404071874,1.2786521127938608,-0.6503632935382851,0.06678372004010431,-0.3312035085673595,-0.33834936666847587,-0.4339839698520112,0.7293800924333873,-0.005837733904510562,-0.15307296038903512,-0.03215025933553103,-0.12478459518849652,-0.06408458664754024
q,1.8788464322277592,-1.0831671167989856,2.4808717467339414,2.1992442027180754,-0.8510300793477417,1.558949051647725,-1.1477270432543252,-0.7327380787957091,-0.1942321542819491,0.31708848601917217,0.48849535086220347,0.08513631780415917,-0.15789811566701906,-0.06953758245229325,-0.4781691667187167,-0.04285183674953495,0.19317349401399103,0.0903284721534985,0.19100160097373164,-0.00979127280379631
r,1.105271953100722,1.0143371865456035,-0.24669984553486968,0.0990329075468171,0.3280523119056697,0.04210940366489545,-0.26442282119379873,0.17644046863943547,-0.384147000379893,0.0578945943855961,-0.016229949261463848,-0.11494924227950473,-0.08364521979911656,-0.05834308302567614,-0.1471118668058851,0.25715772627664013,-0.07604697359151305,0.3633201867939151,-0.5385477315300763,0.25119297139298286
s,0.7433675513418163,0.32215692066703777,0.09086715183871599,0.5276449845938808,-0.2958900566681319,-0.2969982897948251,0.034016105947778895,0.47165526092869403,-0.25203380105893697,0.4642826480541918,-0.07681668925643516,0.13790977334245955,-0.1926362848980599,0.2229163894325165,0.005243505844254932,0.3556994924166681,-0.1804081292832225,0.3290591797898223,0.020454556381209577,-0.303606615691618
t,0.7713043597873178,-0.2811789319156732,0.45225696463329373,0.5753080960278074,0.1414391324228489,0.48188158227753275,-0.49544032863818577,-0.47282605136787903,-0.4982350105899034,0.6353955526124004,-0.7623726431825179,0.8488939016388044,0.9506469420533447,-0.5172775549131784,0.568770987185675,-0.01752910586095698,-0.3685935967737942,-0.20840422807575137,-0.3119586863685224,-0.00524901207889524
u,2.8750359733733353,1.1739695526006135,-3.1009248990770235,2.198442377422032,-0.9222728840103384,-1.4801093450324183,-0.9285039625980134,0.3153257831971322,0.08672667917575325,-0.07479654939444091,-0.3661878918548097,-0.1781238948571236,0.2676514861415487,-0.026843800116718948,-0.24653952547321595,0.022981987580492077,0.2523472657219705,-0.1199544578310008,0.05168181491827348,-0.009467116529120679
v,1.1764195170081315,1.3078544078999736,0.6339619240273022,-0.6306916335448167,0.2734179414255915,0.389465889566001,0.545734126401852,0.8805775271261411,0.3529398893717454,0.37363081144985766,-0.3730358355516854,0.6690670906269849,0.04817721624935427,-0.1735452399789817,-0.0015098765145190617,-0.33126180145111145,0.329309103085878,0.19390569692072118,-0.018474794666225005,0.01106766569163768
w,0.8478012579525795,1.0423583038132527,0.3750696387011038,0.01668093779536027,0.6524592015517515,-0.13667533653478386,0.2535821537972138,-0.15770457404629915,-0.0952928512224316,-0.0016787548789119267,-0.017972470161648338,-0.2722508752553208,0.01549505907327452,-0.17480660348616062,0.19793185412558037,0.8048935401139727,-0.09205731907636565,0.5392169036580943,0.15329299526453477,-0.27175733361158144
x,1.9712652602975955,0.9667275526338246,-1.3399452931821603,-1.8438229877764665,-1.0922593037400705,1.9962125596264133,-0.9256171234372768,0.27532639360681765,0.15446697435306053,-0.2503861629065382,0.22115725513202147,-0.21771402301603812,0.27750441357479094,0.5236555982521252,0.14572702584296596,0.08220714195733242,-0.18526443847171453,0.026227611528171612,0.03758940547209676,0.07250509926928968
y,1.7665299982935485,-0.6849975976845533,-1.6419651872331023,-0.01250912310887135,-0.8988031470629961,0.5550709992108915,1.938213000245738,-1.1029481072350786,-0.13107791380502057,-0.32311831163779225,0.2746323387119723,0.2886084971248475,-0.6620644214230286,-0.7747144308319355,-0.035194702332525356,0.37109288097524656,-0.0153992899665804,-0.08132056001312399,-0.06429557691981186,0.15947840321587015
z,1.4685384243614255,2.076841730463631,0.3440799422325356,-0.5172664884589133,1.3280746507474492,0.2626454022429183,-0.15606179262550604,-0.08965040610647317,0.21401987051621196,-0.06968019221033314,0.10119705509075128,0.44286074699425837,-0.0793298761180639,-0.7282920487642848,-0.026338181274335053,-0.21528810346942,0.567489377445127,0.1281696352080282,0.09019500488667506,-0.016949120414519417
